customer_id,customer_name,email,registration_date,customer_type
1,Allison Hill,donaldgarcia@example.net,2023-02-08,PREMIUM
2,Angie Henderson,davisjesse@example.net,2023-08-05,PREMIUM
3,Cristian Santos,lrobinson@example.com,2025-04-27,REGULAR
4,Abigail Shaffer,jpeterson@example.org,2023-02-16,REGULAR
5,Gabrielle Davis,howardmaurice@example.com,2025-07-24,REGULAR
6,Monica Herrera,smiller@example.net,2025-10-06,PREMIUM
7,Shannon Ray,williamsjeremy@example.com,2024-11-28,REGULAR
8,Dr. Sharon James,xreid@example.org,2023-01-11,PREMIUM
9,Daniel Adams,lynchgeorge@example.net,2024-10-18,REGULAR
10,Joel Nelson,gabriellecameron@example.org,2024-06-06,REGULAR
11,Andrew Stewart,carl95@example.org,2024-07-11,PREMIUM
12,Jennifer Rocha,ithomas@example.org,2023-03-09,PREMIUM
13,Kimberly Burgess,zhurst@example.com,2024-08-11,REGULAR
14,Zachary Hicks,camposmichelle@example.org,2025-09-03,REGULAR
15,Rebecca Henderson,cruzcaitlin@example.com,2025-06-15,REGULAR
16,Tricia Valencia,frazierdanny@example.net,2025-10-24,REGULAR
17,Patricia Peterson,ryan70@example.net,2023-05-04,PREMIUM
18,Deborah Mason,williamrodriguez@example.net,2024-08-13,REGULAR
19,Mark Lynch,nathanielmartin@example.net,2024-07-20,REGULAR
20,Linda Burns,hickmannatasha@example.com,2025-11-07,REGULAR
21,David Bradley,millertodd@example.org,2025-10-03,REGULAR
22,Kim Martinez,karroyo@example.com,2025-04-09,PREMIUM
23,Lisa Brandt,jenniferross@example.net,2024-08-12,REGULAR
24,Jessica Holmes,wrightcaleb@example.org,2025-05-15,REGULAR
25,Crystal Robinson,zimmermanbrian@example.org,2023-03-28,REGULAR
26,Shannon Jones,joshuawashington@example.net,2024-05-05,REGULAR
27,Timothy Duncan,esanchez@example.com,2025-05-31,PREMIUM
28,Brent Jordan,ujenkins@example.org,2025-10-15,REGULAR
29,Victoria Garcia,zchandler@example.org,2025-09-25,REGULAR
30,Connor West,dwhite@example.org,2024-01-19,PREMIUM
31,Angela Morton,williamsyvette@example.org,2025-06-27,REGULAR
32,Tammy Allison,richardolson@example.com,2024-07-16,REGULAR
33,Carmen Smith,ybaker@example.com,2025-03-02,REGULAR
34,Michael Cross,smoore@example.org,2023-06-20,REGULAR
35,Lauren Daniels,brian97@example.net,2025-11-23,REGULAR
36,Kim Brown,yorkcasey@example.org,2024-08-15,REGULAR
37,Cynthia Wilson,bethwilliams@example.org,2024-01-26,VIP
38,Kevin Mills,james53@example.com,2023-01-18,PREMIUM
39,Michael Evans,sarah10@example.com,2025-04-14,PREMIUM
40,Kristine Garcia,williamanderson@example.com,2024-06-12,REGULAR
41,Sherry Wood,samueldaniels@example.com,2024-12-05,REGULAR
42,Victoria Valdez,contrerasangela@example.net,2024-02-14,VIP
43,Shawn Baker,newtoneric@example.com,2025-02-27,VIP
44,Michelle Harris,william40@example.org,2024-04-08,PREMIUM
45,Sandra Williams,kellie42@example.net,2023-11-05,REGULAR
46,Michael Hoffman,jonesnicole@example.org,2025-04-17,VIP
47,Sandra Aguilar,russellwilliams@example.com,2023-01-01,REGULAR
48,Rebecca Valencia,jason31@example.com,2023-06-23,VIP
49,Stacey Russell,sarayoung@example.org,2024-04-22,REGULAR
50,Rita Keith,whitesandra@example.com,2025-05-31,VIP
51,Sharon Cochran,erik16@example.org,2025-01-24,PREMIUM
52,Courtney Velasquez,ybailey@example.org,2025-04-07,PREMIUM
53,Matthew Ross,michelle45@example.net,2025-01-08,VIP
54,Meghan Anthony,sheila14@example.org,2025-03-30,PREMIUM
55,Victoria Johnson,yreed@example.com,2023-11-26,VIP
56,William Wilson,jonathanfletcher@example.org,2023-11-09,PREMIUM
57,Renee Mcdaniel,michaeljones@example.net,2025-11-09,REGULAR
58,Lisa Alvarado,cortezkevin@example.com,2025-03-15,REGULAR
59,Erika Terry,jamesortega@example.com,2023-04-10,REGULAR
60,Stephanie Gilbert,richard04@example.com,2023-12-24,REGULAR
61,Richard Lawson,steven73example.net,2023-12-22,REGULAR
62,Steven Flynn,donnacampbell@example.net,2024-05-28,REGULAR
63,Frances Cardenas,emilywalker@example.org,2025-11-05,REGULAR
64,Angel Riggs,gibsonolivia@example.net,2025-06-06,REGULAR
65,Michael Snyder,dylanwatts@example.org,2025-01-04,PREMIUM
66,Colleen Brock,pwilliams@example.org,2023-05-31,PREMIUM
67,Robert Contreras,stephanie79@example.net,2024-09-30,REGULAR
68,Jessica Meadows,vmerritt@example.com,2025-11-12,PREMIUM
69,Paul Larsen,katie87@example.net,2023-04-05,REGULAR
70,Jeremiah Reeves,josephflores@example.net,2023-06-19,REGULAR
71,Chris Reyes,jasminebrown@example.com,2024-11-27,REGULAR
72,John Brown,xprice@example.net,2024-12-19,REGULAR
73,Alicia Gilmore,wwoods@example.com,2024-11-19,PREMIUM
74,Sarah Ashley,vmedina@example.net,2023-06-02,REGULAR
75,Stephanie Freeman,ryan06@example.com,2023-01-23,VIP
76,Rebecca Ramsey,ncalhoun@example.net,2024-01-03,REGULAR
77,James Elliott,millerroy@example.com,2023-11-29,PREMIUM
78,David Murphy,wmurphy@example.com,2023-09-13,REGULAR
79,Trevor Fisher,ruizkaitlyn@example.org,2024-02-16,VIP
80,Mrs. Marie Harrington DDS,herringjames@example.org,2024-03-19,REGULAR
81,Cynthia Wells,elliottjeffery@example.net,2025-05-13,PREMIUM
82,Jacob Obrien,stricklandfrank@example.com,2023-10-22,REGULAR
83,Alexander Collins,tsanders@example.org,2025-06-18,PREMIUM
84,Michael Burton,terrykevin@example.net,2024-05-02,REGULAR
85,Barbara Riggs,reedross@example.com,2025-02-20,VIP
86,Matthew Smith,gshort@example.com,2023-03-30,VIP
87,Madison Poole,ryangross@example.net,2023-10-16,REGULAR
88,Robert Medina,umarshall@example.net,2024-01-01,REGULAR
89,Samuel Rivas,ramirezshannon@example.com,2025-06-03,REGULAR
90,Mary Rogers,lrosales@example.com,2025-08-20,REGULAR
91,Robert Peterson,angela83@example.org,2025-05-28,REGULAR
92,Jason Peters,hannahbrewer@example.com,2023-11-14,PREMIUM
93,Alan Phillips,tholt@example.net,2024-02-17,REGULAR
94,Kara Schmidt,jbarajas@example.com,2024-04-11,REGULAR
95,Jesse Parker,davidlee@example.org,2023-04-23,REGULAR
96,Tiffany Vaughn,javierwashington@example.net,2025-05-24,VIP
97,Paige Carlson,wallkenneth@example.com,2023-11-28,REGULAR
98,Adrian Ferguson,brandon08@example.com,2024-06-26,PREMIUM
99,Beth Oneill,agarcia@example.net,2024-07-28,REGULAR
100,John Peterson,kingmichelle@example.org,2025-04-23,PREMIUM
101,Jennifer Jones,hernandezlisa@example.com,2025-10-12,REGULAR
102,David Grant,yobrien@example.net,2025-05-11,REGULAR
103,Joseph Hayes,levans@example.com,2023-07-28,REGULAR
104,Marc Lynch,mezajared@example.org,2025-05-09,REGULAR
105,Brad Allen,moorericky@example.net,2023-11-24,PREMIUM
106,Doris Hall,jacqueline71@example.net,2025-09-12,PREMIUM
107,Dennis Moody,ronaldstephens@example.net,2024-01-26,VIP
108,Derek Thomas,martinkyle@example.net,2023-05-24,REGULAR
109,Tammy Gonzales,sbarker@example.com,2023-03-10,REGULAR
110,Kathryn Snyder,georgepamela@example.net,2025-09-16,VIP
111,David Davis,keyemily@example.com,2024-11-17,REGULAR
112,Pamela Thompson,lmoon@example.net,2023-01-16,REGULAR
113,Robert Costa,vbailey@example.com,2023-08-20,REGULAR
114,Shannon Rivera,zroberts@example.net,2025-06-23,REGULAR
115,Brandon King,cordovarichard@example.net,2023-03-06,REGULAR
116,April Booth,mgutierrez@example.net,2023-03-03,PREMIUM
117,Peter Garrett,harrisandrea@example.com,2024-01-23,PREMIUM
118,Michael Martinez,jennifercollins@example.org,2025-05-19,PREMIUM
119,Anna Gay,murraydavid@example.org,2025-08-22,PREMIUM
120,Dr. Jordan Hill PhD,jsanchez@example.org,2024-01-03,PREMIUM
121,Thomas Romero,michellehill@example.com,2023-10-03,PREMIUM
122,Richard Adams,campbellkenneth@example.net,2024-05-31,PREMIUM
123,Mary Grimes,wryan@example.com,2025-11-06,PREMIUM
124,Kimberly Gibson,molly39@example.com,2024-02-19,REGULAR
125,Reginald Williams,zthornton@example.com,2024-08-17,PREMIUM
126,Matthew Hoover,tylerjohnson@example.net,2023-12-12,REGULAR
127,Evelyn Garcia,dgarcia@example.org,2024-06-27,REGULAR
128,Jennifer Pena,charlesharrington@example.com,2023-12-20,REGULAR
129,Michael Santos,melissa86@example.com,2024-09-10,REGULAR
130,Stacy Freeman,williamsonjimmy@example.net,2024-03-09,REGULAR
131,Yolanda Francis,wgood@example.net,2025-11-21,VIP
132,Ashlee Jackson,rebecca05@example.org,2023-02-12,REGULAR
133,James Thomas,yknight@example.org,2023-10-05,REGULAR
134,Bob Pitts,tyleraguilar@example.org,2023-03-01,REGULAR
135,David Scott,nolansteven@example.com,2024-05-02,REGULAR
136,Brooke Alexander,vanessa46@example.net,2023-06-29,REGULAR
137,Ryan Gonzalez,gcastaneda@example.org,2024-01-31,REGULAR
138,Ian Phillips,andrew64@example.org,2025-03-18,VIP
139,Melissa Garner,lozanojulie@example.com,2025-11-07,REGULAR
140,Crystal Pham,danaoliver@example.net,2025-10-28,VIP
141,Patricia Becker,courtneyberger@example.net,2025-10-27,PREMIUM
142,Richard Johnson,jessica14@example.com,2024-04-11,REGULAR
143,Casey Anderson,alyssa42@example.com,2024-05-21,REGULAR
144,Terry Coffey,julie51@example.com,2023-07-17,REGULAR
145,Brenda Levy,zcoffey@example.net,2024-08-11,PREMIUM
146,Richard Smith,gibsonemily@example.net,2025-08-14,REGULAR
147,James Little,daniel37@example.org,2023-01-01,REGULAR
148,Terri Murphy,deborahreid@example.com,2025-06-19,REGULAR
149,Elizabeth Ortiz,brandonjohnson@example.com,2024-11-17,REGULAR
150,David Medina,qchavez@example.net,2025-01-05,PREMIUM
151,Kimberly Matthews,nicolepena@example.com,2023-09-21,PREMIUM
152,Teresa Ramirez,jeff73@example.com,2025-10-28,REGULAR
153,Michael Stephens,bruce43@example.org,2023-12-31,PREMIUM
154,Samantha Davis,darleneharper@example.org,2023-11-06,REGULAR
155,Gavin Zhang,caseyhubbard@example.org,2025-01-08,REGULAR
156,Robin Hall,kristinacarlson@example.com,2024-12-08,REGULAR
157,Brianna Anderson,lauren10@example.org,2023-10-30,PREMIUM
158,Richard Young,alfred40@example.org,2024-09-12,REGULAR
159,Kelly Reese,xwest@example.net,2023-01-09,PREMIUM
160,Jodi Walker,acostaregina@example.net,2023-06-15,PREMIUM
161,Judith Maynard,lutzmelanie@example.com,2025-03-15,REGULAR
162,Katherine Browning,lammarc@example.org,2023-07-08,REGULAR
163,Donald Schultz,oscar98@example.com,2025-11-03,REGULAR
164,Larry Garcia,farrelldebra@example.net,2024-05-07,VIP
165,Cindy Hayes,robertwilcox@example.com,2025-08-09,PREMIUM
166,Brandon Simmons,nicholas27@example.org,2024-10-24,PREMIUM
167,Bradley Reynolds,lisa80@example.net,2023-09-05,PREMIUM
168,Kristina Santiago,qgomez@example.com,2024-02-07,PREMIUM
169,Michelle Schmitt,michael98@example.org,2024-03-06,PREMIUM
170,John Boone,megan51@example.com,2025-08-31,REGULAR
171,Renee Bruce,lynchdiane@example.net,2024-03-19,REGULAR
172,Christopher Park,sandra50@example.org,2025-04-19,REGULAR
173,Kylie Morales,joycebonilla@example.org,2024-08-18,PREMIUM
174,Cindy Barnes,eric45@example.net,2023-04-10,REGULAR
175,Sophia Moore,craigjoseph@example.net,2024-12-24,REGULAR
176,Lawrence Perry,kariwilson@example.com,2024-10-14,REGULAR
177,Michael Watkins,brandon69@example.org,2023-01-31,PREMIUM
178,Eric Clark,kathrynroberts@example.org,2024-08-13,REGULAR
179,Paul Thompson,opatel@example.net,2024-04-08,PREMIUM
180,Mary Gomez,chensley@example.com,2024-10-12,REGULAR
181,Thomas Atkins,tberry@example.net,2025-07-26,PREMIUM
182,Brian Smith,george97@example.net,2024-02-28,REGULAR
183,Anita Richard,ryanmorales@example.org,2024-06-06,PREMIUM
184,Eric Morgan,kimberly18@example.net,2023-09-14,PREMIUM
185,Jordan Bullock,michael23@example.org,2025-08-24,REGULAR
186,Craig Morrison,thompsonkendra@example.com,2025-07-08,REGULAR
187,Justin Riley,michelle52@example.com,2025-09-25,REGULAR
188,Jeremy Turner,brittany58@example.org,2023-10-10,REGULAR
189,Jesse Brown,chase19@example.net,2023-11-25,REGULAR
190,Julie Spencer,colelisa@example.net,2024-08-11,REGULAR
191,Larry Mason,hayeslisa@example.com,2024-10-16,REGULAR
192,Mrs. Maria Williams,hritter@example.net,2023-01-31,PREMIUM
193,Helen Hardin,vortiz@example.net,2024-06-27,REGULAR
194,Rachel Holland,riveraangela@example.com,2025-10-09,REGULAR
195,Nathaniel Douglas,mathewaguilar@example.org,2024-01-20,REGULAR
196,Emily Douglas,tanderson@example.org,2023-08-25,REGULAR
197,James Conner,elizabethcalderon@example.net,2023-06-27,REGULAR
198,Susan Davis DDS,andrew42@example.org,2024-02-03,PREMIUM
199,Ralph Lee,ericphillips@example.org,2025-08-01,VIP
200,Kimberly Rodgers,stanleynancy@example.net,2023-09-12,VIP
201,James Martin,jenniferwilliams@example.com,2023-02-09,VIP
202,Cynthia Wallace,karen73@example.net,2024-08-06,REGULAR
203,Vincent Mueller,michealvalentine@example.com,2023-04-29,REGULAR
204,Douglas Reyes,mburch@example.net,2024-01-13,REGULAR
205,David Davidson,angela18@example.org,2025-11-28,REGULAR
206,Phillip Nelson,mariahdavis@example.org,2025-05-29,PREMIUM
207,Stacey Arias,gbrown@example.com,2024-10-27,PREMIUM
208,Zachary Brooks,florescory@example.net,2025-10-02,REGULAR
209,Raven Taylor,samantha72@example.net,2025-01-31,REGULAR
210,Luis Bullock,scottmary@example.net,2025-09-14,PREMIUM
211,Lisa Henderson,john10@example.org,2023-08-26,REGULAR
212,Riley Bryant,copelandvincent@example.net,2025-10-07,REGULAR
213,Jose Allen,kellysmith@example.com,2025-04-16,PREMIUM
214,Jason Beck,millsmichael@example.net,2025-07-09,REGULAR
215,Rachel Romero,myerstheodore@example.net,2023-05-15,REGULAR
216,James Burgess,kristina53@example.net,2024-12-22,REGULAR
217,Ashley Perkins,dennis58@example.com,2024-06-06,REGULAR
218,Carrie Maxwell,epollard@example.net,2023-10-10,REGULAR
219,Chad Baldwin,mjohnson@example.org,2024-02-06,REGULAR
220,Stacey Stewart,zachary87@example.com,2024-03-05,REGULAR
221,Matthew Mitchell,glennmartin@example.org,2023-10-24,REGULAR
222,Jessica Ross,ykline@example.com,2025-01-28,REGULAR
223,Kathleen Jimenez,laurie61@example.com,2025-01-09,REGULAR
224,Samantha Gardner,curtis54@example.com,2023-01-27,REGULAR
225,Mitchell Jackson,cbell@example.net,2024-01-13,REGULAR
226,Heather Bolton,danielle01@example.net,2025-01-05,REGULAR
227,Heidi Owen,stephaniethomas@example.net,2025-05-04,REGULAR
228,Jessica Martinez,kimberlydiaz@example.com,2024-02-25,REGULAR
229,Amanda Hernandez,xrush@example.com,2023-10-27,REGULAR
230,Laura Moreno,redwards@example.org,2023-10-15,REGULAR
231,Allison Lopez,hmcintyre@example.com,2024-03-05,PREMIUM
232,Michele Lewis,heather73@example.org,2025-03-25,REGULAR
233,Benjamin Thompson,zosborn@example.net,2023-10-29,REGULAR
234,Victoria Contreras,piercekelly@example.com,2024-04-14,REGULAR
235,Michelle Ho,laurahicks@example.org,2024-03-02,REGULAR
236,Dr. Cynthia Snyder,angela57@example.net,2024-03-29,PREMIUM
237,Stephen Jones,ukey@example.com,2025-02-01,REGULAR
238,Patricia Morrow,martinezlogan@,2024-12-30,REGULAR
239,Michael Cooper,katrinaanderson@example.net,2023-03-21,REGULAR
240,Amy Martinez,kevinmartin@example.net,2023-06-27,PREMIUM
241,Travis Stone,meghan43@example.net,2023-04-26,REGULAR
242,Denise Weber,shawgary@example.net,2023-08-24,REGULAR
243,Matthew Le,megan90@example.org,2024-04-16,REGULAR
244,Travis Wise,debra96@example.net,2025-05-16,PREMIUM
245,Kathleen Burton,dawn47@example.org,2025-08-18,REGULAR
246,Melinda Evans,barkereric@example.com,2024-11-30,VIP
247,Mr. Lawrence Edwards,jessica56@example.org,2025-07-03,VIP
248,Kayla Rodriguez,stevenadams@example.org,2025-08-22,REGULAR
249,Anthony Dougherty,kwright@example.com,2023-06-04,VIP
250,Michelle Lee,tyronerobertson@example.com,2023-11-24,REGULAR
251,Kathleen Davis,pwagner@example.org,2024-01-08,REGULAR
252,Amber Campbell,amitchell@example.org,2023-01-05,REGULAR
253,Stephen Luna,zdiaz@example.org,2024-12-30,REGULAR
254,Chloe Tran,hughesshannon@example.net,2024-03-15,PREMIUM
255,William Becker,andersoncolin@example.com,2023-12-29,VIP
256,Gina Mcmillan,jameshicks@example.net,2025-08-28,REGULAR
257,Andrew Reeves,jstone@example.net,2023-11-04,REGULAR
258,Brenda Velazquez,francisco94@example.net,2025-10-03,REGULAR
259,Ronald Patel,thomas05@example.com,2023-08-09,REGULAR
260,Veronica Silva,carlsonjoseph@example.net,2024-04-22,REGULAR
261,Paula Lane,silvageorge@example.net,2024-03-24,REGULAR
262,Patricia James,anthonyvaughan@example.org,2024-04-17,PREMIUM
263,Jeremy Barnes,avaughn@example.net,2025-02-16,REGULAR
264,Tami Salas,thorntonapril@example.net,2025-07-18,REGULAR
265,Matthew Fox,sue78@example.com,2024-05-15,REGULAR
266,Megan Dillon,chelsea33@example.com,2023-12-22,VIP
267,Courtney Dudley,kellie37@example.com,2025-06-12,REGULAR
268,Justin Michael,keith98@example.com,2025-11-10,PREMIUM
269,Jennifer Reed,kellyroberts@example.net,2023-09-30,REGULAR
270,Thomas Douglas,ilewis@example.com,2024-03-08,REGULAR
271,Melissa Taylor,johnsantiago@example.net,2025-09-13,PREMIUM
272,David Garcia,jennifer12@example.org,2024-12-31,REGULAR
273,Vanessa Moore,mwoods@example.com,2025-11-07,REGULAR
274,Matthew Velez,pearsonjesse@example.net,2024-10-01,PREMIUM
275,Taylor Gentry,robertmonroe@example.org,2024-09-14,PREMIUM
276,Jennifer Simpson DVM,nancy04@example.net,2024-12-07,REGULAR
277,Tanya Rogers,ihays@example.net,2023-06-30,VIP
278,Todd Rosales MD,lisarivera@example.net,2025-03-10,PREMIUM
279,David Lopez,krystal93@,2024-10-03,REGULAR
280,Margaret Sullivan,frobertson@example.com,2025-08-25,PREMIUM
281,Cathy Taylor,shari04@example.com,2023-03-22,REGULAR
282,Paul Finley,brandi90@example.com,2024-03-23,REGULAR
283,Melissa Brown,marshallerik@example.net,2023-07-08,REGULAR
284,Stephanie Padilla,hannah45@example.net,2024-01-07,PREMIUM
285,Tyler Mendoza,madkins@example.com,2023-01-22,REGULAR
286,Joshua Ruiz,kathleenbecker@example.net,2023-06-26,REGULAR
287,Angela Griffin,christian91@example.org,2023-08-28,REGULAR
288,Stephanie Harris,franklinbond@example.com,2025-03-01,PREMIUM
289,Daniel Aguilar,nolansean@example.org,2025-01-19,VIP
290,Jose Bryant,hansenemily@example.com,2025-05-06,REGULAR
291,Jennifer Velasquez,bethwilliams@example.com,2025-07-20,REGULAR
292,Kimberly Brown,andersenthomas@example.com,2023-04-19,REGULAR
293,Randy Cannon,ybrooks@example.com,2024-10-06,REGULAR
294,Susan Bennett,desireebailey@example.org,2024-02-20,PREMIUM
295,Jenna Anderson DVM,avilatiffany@example.com,2024-04-08,PREMIUM
296,Kimberly Patel,johnreed@example.com,2025-10-22,REGULAR
297,Shaun Cannon,pachecorobert@example.org,2025-04-16,REGULAR
298,Austin Wheeler,tharper@example.org,2025-04-24,REGULAR
299,Andrew Gonzales,karenparsons@example.org,2023-10-21,VIP
300,Donna Cabrera,barbara53@example.com,2024-08-17,REGULAR
301,Victoria Boyd,dturner@example.net,2023-03-09,REGULAR
302,Sheryl Buck,dpeters@example.com,2024-08-15,REGULAR
303,Megan Floyd,heather62@example.com,2025-10-09,VIP
304,Paul Wells,kevinzimmerman@example.com,2023-02-27,REGULAR
305,Kristina Faulkner,paulscott@example.com,2024-05-30,PREMIUM
306,Tammy Boone,nicholsmaria@example.org,2024-11-14,REGULAR
307,Michael Morrison,lopezkathleen@example.net,2023-01-24,PREMIUM
308,Claire Clark,kevin03@example.org,2025-10-14,VIP
309,Autumn Key,srocha@example.net,2024-02-16,REGULAR
310,Jennifer Allen,kimberly67@example.net,2025-10-06,REGULAR
311,Elizabeth Ward,zowens@example.net,2025-11-13,PREMIUM
312,Ryan Rocha,lawrence09@example.org,2024-05-06,REGULAR
313,Alexis Tran,mphillips@example.com,2025-01-28,PREMIUM
314,Kelly Sanchez,jonathan77@example.com,2023-04-17,REGULAR
315,Robert Jackson,iwhite@example.net,2024-03-22,VIP
316,Kelly Combs,landryelizabeth@example.org,2024-11-05,VIP
317,Ryan Hall,albertwagner@example.com,2023-06-06,REGULAR
318,Mark Peck,bhopkins@example.org,2023-02-14,REGULAR
319,Jennifer Smith,amanda40@example.net,2024-03-31,REGULAR
320,Megan Drake,danieldavis@example.org,2024-01-15,REGULAR
321,Manuel King,joseph61@example.com,2023-10-07,REGULAR
322,Judy Sanchez,kevinclayton@example.org,2024-08-17,REGULAR
323,Shannon Malone,sullivannicholas@example.com,2025-06-24,REGULAR
324,Adam Jackson,pbruce@example.com,2024-01-30,REGULAR
325,Shannon Davis,hallrachel@example.net,2024-12-23,VIP
326,Karen Williams,cohenjuan@example.net,2023-09-03,REGULAR
327,Amanda Mcfarland,alexis39@example.org,2025-07-01,REGULAR
328,Michelle Sanders,evansanne@example.net,2024-01-24,REGULAR
329,Jasmine Mosley,patrick21@example.net,2024-08-20,PREMIUM
330,Haley Davis,marypeterson@example.net,2024-08-15,REGULAR
331,Jennifer Ayala,walterskristen@example.com,2024-04-03,REGULAR
332,Henry Pugh MD,nmiller@example.com,2024-09-06,REGULAR
333,Michelle Miller,normanbowers@example.org,2023-03-18,VIP
334,Emily Rodriguez,hahnsean@example.com,2024-03-20,PREMIUM
335,Brandon Jordan,fgarcia@example.com,2024-07-01,REGULAR
336,Linda Mueller,asmith@example.com,2024-01-25,PREMIUM
337,Misty Hansen,ashleyjackson@example.com,2025-10-21,PREMIUM
338,Derrick Adams,bryanhamilton@example.com,2023-05-31,VIP
339,Richard Ward,jennifersimpson@example.net,2024-04-24,PREMIUM
340,Brian Torres,ncook@example.com,2024-07-20,PREMIUM
341,Erin Cook,kevinmorrison@example.net,2024-04-03,REGULAR
342,Ernest Oconnell,kelly79@example.org,2023-11-08,REGULAR
343,Douglas Hartman,daniel93@example.net,2024-07-22,REGULAR
344,Catherine Saunders MD,nhahn@example.com,2023-09-13,REGULAR
345,Sandra Jones,ichambers@example.net,2025-01-18,VIP
346,David Moore,emccormick@example.com,2024-06-10,PREMIUM
347,Karen Morales DDS,ystephens@example.com,2023-04-27,REGULAR
348,Robin Wheeler,rodriguezjohn@example.net,2025-11-16,PREMIUM
349,Matthew Williams,vrasmussen@example.com,2025-05-15,REGULAR
350,Brett Walker,seanmyers@example.net,2023-01-22,REGULAR
351,Kathryn Cooper,webbkenneth@example.org,2024-07-26,PREMIUM
352,Todd Thomas,matthew38@example.com,2025-06-27,REGULAR
353,Brent Bowen,tflores@example.org,2024-07-31,REGULAR
354,Ashley Sweeney,byrdfrank@example.net,2023-02-08,REGULAR
355,Christopher Moore,omullen@example.com,2024-05-24,VIP
356,Charlotte Sandoval,njohnson@example.org,2023-04-09,REGULAR
357,Jeffrey Smith,jamiegoodwin@example.org,2024-04-14,REGULAR
358,Rebecca Herrera,mark71@example.com,2023-03-12,VIP
359,Katherine Church,candice96@example.net,2025-02-04,REGULAR
360,Harold Ellis,lisamccarthy@example.com,2025-04-15,REGULAR
361,Leslie Powers,david41@example.org,2025-11-07,VIP
362,Charles Price,baileyhenderson@example.com,2025-04-19,REGULAR
363,Melissa Brewer,angelaburns@example.org,2023-08-29,PREMIUM
364,Ryan Harvey,stephanie72@example.org,2025-01-30,REGULAR
365,Tracey Wagner,fortiz@example.com,2024-03-10,REGULAR
366,Jill Jackson,flynnjeffrey@example.org,2024-11-19,REGULAR
367,Joshua Jackson,xcunningham@example.com,2024-07-17,REGULAR
368,Ashley Wilson,amber07@example.net,2025-04-25,VIP
369,Jeffery Fitzgerald,kennethkidd@example.com,2023-04-05,REGULAR
370,Scott Miller,rowejoel@example.net,2023-07-09,VIP
371,Heather Page,imartin@example.org,2023-05-23,PREMIUM
372,Renee Hudson,candice25@example.net,2025-07-16,VIP
373,Kenneth Farley,taylorkaren@example.com,2024-06-02,REGULAR
374,Wendy Camacho,jacquelineanderson@example.org,2025-05-27,REGULAR
375,Sandra Juarez,kburns@example.net,2025-05-10,REGULAR
376,Jason Hayes,powellkara@example.net,2023-12-28,REGULAR
377,Jackie Clements,brandi17@example.net,2025-07-14,REGULAR
378,Heather Brown,brobinson@example.org,2023-08-13,VIP
379,Frank Campbell MD,ashleewashington@example.com,2023-09-29,REGULAR
380,Pamela Williams,ksmith@example.com,2023-07-24,REGULAR
381,William Patterson,nicoleturner@example.com,2024-01-05,REGULAR
382,Isaac Miller,brettgarrett@,2023-03-23,REGULAR
383,Cynthia Rios,smiththomas@example.org,2023-06-26,PREMIUM
384,Kelly Wallace,dominguezlisa@example.com,2024-07-16,REGULAR
385,Karen Perez,crosscurtis@example.com,2025-02-21,REGULAR
386,Edwin Reyes,darlenebyrd@example.org,2025-10-20,REGULAR
387,Alejandra Santos,nbell@example.net,2023-02-18,REGULAR
388,Tamara Jensen,fheath@example.org,2024-09-15,REGULAR
389,Bryce Blair,sylvia52@example.org,2024-11-20,REGULAR
390,Bradley Tran,kimberly04@example.org,2025-08-02,REGULAR
391,Katrina Adkins,debbie37@example.com,2025-08-27,REGULAR
392,Jonathan Wheeler,hatfieldsarah@example.org,2024-05-20,REGULAR
393,Ryan Fisher,kathrynbest@example.org,2024-04-03,REGULAR
394,Austin Baker,livingstonstacy@example.com,2023-06-04,PREMIUM
395,Lori Mason,zhenderson@example.org,2025-10-14,PREMIUM
396,Kimberly Hernandez,collinswilliam@example.org,2023-12-01,REGULAR
397,Brittney Murphy,collinssamuel@example.org,2024-10-04,REGULAR
398,Brandon Hamilton,dsalazar@example.com,2024-10-08,PREMIUM
399,Mary Thompson,zimmermanjacqueline@example.org,2024-04-30,PREMIUM
400,Gregory Holmes PhD,gary24@example.net,2023-08-26,PREMIUM
401,Patricia Johnson,enelson@example.com,2023-05-22,PREMIUM
402,Laura Jones,ddixon@example.com,2023-05-31,PREMIUM
403,Carol Moore,shannonemily@example.org,2023-07-22,REGULAR
404,Jordan Williams,sanchezthomas@example.com,2025-05-22,REGULAR
405,Cassidy Horne,tranrobin@example.net,2024-09-30,REGULAR
406,Courtney Wright,joseph19@example.com,2024-10-19,PREMIUM
407,Michael Williams,lindajarvis@example.com,2024-03-22,REGULAR
408,John Campbell,mark87@example.org,2025-06-16,REGULAR
409,Eddie Mueller,stevenvargas@example.com,2025-01-19,REGULAR
410,Dr. Morgan Payne PhD,adamortiz@example.org,2025-05-14,REGULAR
411,Makayla Steele,tapiaaaron@example.net,2025-06-10,REGULAR
412,Oscar Parker,alyssaallen@example.com,2025-05-21,VIP
413,Valerie Thomas,christopher38@example.com,2025-08-11,PREMIUM
414,Jacqueline Villegas,carpenterwilliam@example.net,2025-08-04,VIP
415,Angela Bradley,ibates@example.org,2024-02-20,REGULAR
416,Samuel Howe,vhaynes@example.com,2024-04-24,VIP
417,Dillon Jones,derekcarrillo@example.org,2023-10-09,PREMIUM
418,Christopher Owens,wmartinez@example.org,2024-09-14,REGULAR
419,John Phelps,mooregina@example.net,2023-02-17,REGULAR
420,Amanda Huff,eddie35@example.com,2024-08-07,REGULAR
421,Megan Green,anthonysullivan@example.com,2024-07-28,REGULAR
422,Krista Davis,laradonald@example.org,2025-05-31,REGULAR
423,Richard Walker,madisonwatson@example.net,2023-08-30,REGULAR
424,Angela Willis,johnsoncaleb@example.net,2025-11-12,REGULAR
425,Carl Stein,david70@example.org,2024-10-20,REGULAR
426,Jessica Ramsey,rjohnson@example.com,2024-02-29,REGULAR
427,Daniel Lopez,sean20@example.net,2024-06-20,REGULAR
428,Danielle Phillips,eandrade@example.org,2025-11-19,REGULAR
429,James Barnes,crystalpham@example.org,2024-04-24,REGULAR
430,Rachael Howard DDS,kcooper@example.net,2025-07-20,REGULAR
431,Devin Johnson,anthonycochran@example.com,2023-11-25,PREMIUM
432,William Moreno,terrigarcia@example.net,2024-03-25,REGULAR
433,Joseph Moody,gallagherstacie@,2023-09-30,REGULAR
434,Rebecca Kelly,gregorywatkins@example.net,2023-12-24,REGULAR
435,Suzanne Johnson,stacey92@example.net,2024-07-04,REGULAR
436,Sara Cochran,lweaver@example.com,2023-03-07,REGULAR
437,Anthony Guzman,foxaaron@example.net,2023-05-01,PREMIUM
438,Carlos Love,brian29@example.net,2025-06-09,REGULAR
439,Patricia Mathis,susan56@example.net,2024-03-25,REGULAR
440,Eric Taylor,jessicakim@example.net,2024-05-19,REGULAR
441,Marie Thompson,jeffrey92@example.com,2024-12-15,PREMIUM
442,Michael Anderson,rushstacy@example.com,2023-05-17,REGULAR
443,Patricia Bradley,carriemccall@example.net,2024-11-07,REGULAR
444,Keith Zuniga,markmiller@example.com,2024-09-06,PREMIUM
445,Mrs. Stacey Davis,sean43@example.org,2023-12-11,REGULAR
446,Hayley Buchanan,williamssamuel@example.com,2025-03-04,REGULAR
447,Stacey Snyder,ybell@example.org,2023-10-29,VIP
448,Rachel Lane,franciscojones@example.org,2025-09-29,PREMIUM
449,Fernando Lynn,petersonpamela@example.org,2023-08-16,REGULAR
450,Kimberly Villanueva,morgantricia@example.com,2023-08-26,PREMIUM
451,Jessica Valdez,gmoore@example.com,2023-10-03,VIP
452,Colton Terry,donna43@example.org,2024-12-21,PREMIUM
453,Kenneth Larsen,briansmith@example.org,2024-11-28,PREMIUM
454,Matthew Greene,collinclark@example.net,2025-09-25,REGULAR
455,Bradley Anthony,kristen77@example.net,2025-09-01,REGULAR
456,Martin Hughes,nicole52@example.com,2024-12-29,REGULAR
457,Jeremiah Baker,anne21@example.org,2024-03-02,REGULAR
458,Rhonda Gutierrez,angelarandall@example.net,2023-04-26,REGULAR
459,Joseph Camacho,parmstrong@example.com,2023-03-30,REGULAR
460,James Nash,shawrachel@example.net,2025-09-28,PREMIUM
461,Lisa Martinez,kthompson@example.org,2025-08-13,REGULAR
462,Beth Henderson,oharris@example.org,2025-06-20,REGULAR
463,Deanna Bartlett,millerangela@example.net,2023-03-05,REGULAR
464,Donald Ellis,buchanancindy@example.net,2025-10-09,REGULAR
465,Ashley Hernandez,buckleyanna@example.org,2025-02-17,REGULAR
466,Sharon Beard,pbaker@example.com,2023-06-10,PREMIUM
467,Kara Jackson,mthomas@example.net,2023-05-12,REGULAR
468,Amanda Preston,hannah07@example.com,2024-01-20,PREMIUM
469,Alicia Roth,larry71@example.org,2025-03-25,REGULAR
470,William Ramos,joseph69@example.net,2024-08-02,VIP
471,Jeremy Mcintyre,wfigueroa@example.net,2024-06-09,PREMIUM
472,Samantha Robertson,cameronmckinney@example.com,2025-09-07,REGULAR
473,Samuel Suarez,thompsonnancy@example.org,2023-05-27,REGULAR
474,Danielle Bryant,janet45@example.com,2024-01-27,PREMIUM
475,Madison Martinez,allentracy@example.com,2025-07-25,PREMIUM
476,Seth Matthews,max41@example.com,2025-06-24,PREMIUM
477,Anthony Nash,mercedesholland@example.net,2024-04-26,VIP
478,Matthew Palmer,wellsdavid@example.org,2024-08-31,REGULAR
479,Alejandra King,jennifer46@example.com,2023-05-12,REGULAR
480,Judy Robinson,erica96@example.net,2024-05-25,PREMIUM
481,Jorge Bates,anna99@example.com,2025-11-30,VIP
482,Brian Brown,danielle44@example.net,2025-11-07,REGULAR
483,Stephanie Evans,zacharyallen@example.org,2024-07-17,REGULAR
484,Rebekah Greene,erin07@example.com,2024-06-14,VIP
485,Jason Price,aguilarwanda@example.org,2023-12-18,VIP
486,Micheal Parks,qknox@example.com,2024-04-04,PREMIUM
487,Sarah Pittman,kellyruiz@example.net,2025-04-18,PREMIUM
488,Robert Hines,staceylam@example.net,2023-02-28,PREMIUM
489,Henry Garner,robert55@example.com,2025-08-18,REGULAR
490,Julie Wilson,delacruzbrandy@example.net,2023-09-10,REGULAR
491,Steve Mason,amoreno@example.org,2025-08-28,PREMIUM
492,Brittany Gay,robert97@example.org,2024-11-10,REGULAR
493,Mike Maxwell,lcook@example.com,2024-01-04,VIP
494,Abigail Hill,barbaramoore@example.org,2024-11-28,REGULAR
495,Jeffrey Jordan,ysanford@example.org,2024-12-29,VIP
496,Curtis Watson,mcclainkatherine@example.net,2025-11-19,VIP
497,Michael Sims,jeremywiley@example.com,2024-12-18,PREMIUM
498,James Chapman,cameronwilliams@example.com,2025-02-20,REGULAR
499,Joseph Warren,ibarron@example.com,2023-11-07,PREMIUM
500,Katherine Christensen MD,osmith@example.net,2024-01-24,REGULAR
501,Mrs. Alison Wagner,richardsondebra@example.org,2024-07-30,REGULAR
502,Martin Wise,wheelerbrandon@example.org,2025-03-12,PREMIUM
503,Alicia Norris,hwallace@example.net,2023-09-07,REGULAR
504,Michael Harris,turnerdorothy@example.net,2023-08-17,PREMIUM
505,Lisa Haynes,grivas@example.net,2023-12-11,PREMIUM
506,Autumn Wilson,jimenezchelsea@example.com,2023-02-11,REGULAR
507,Valerie Howard,cphillips@example.net,2024-08-03,REGULAR
508,Daniel Fitzpatrick MD,smithchristopher@example.org,2024-08-05,REGULAR
509,Maureen Hernandez,chancharles@example.net,2023-06-03,PREMIUM
510,David Hall,joseph01@example.org,2023-08-15,REGULAR
511,Sarah Ward,ronald11@example.org,2025-01-03,PREMIUM
512,Charles Holland,michael79@example.com,2024-12-29,REGULAR
513,Anna Briggs,danielrossexample.com,2023-01-30,REGULAR
514,James Jefferson,zbanks@example.org,2025-05-02,VIP
515,Michael Brown,dalepruitt@example.com,2024-10-19,REGULAR
516,Meghan White,nmaxwell@example.org,2024-04-12,REGULAR
517,Sheryl Acosta,timothyfreeman@example.com,2025-09-19,PREMIUM
518,Arthur Pena,busherica@example.net,2023-06-22,PREMIUM
519,Krystal Levine,april91@example.com,2025-04-12,REGULAR
520,Danielle Reed,jhernandez@example.net,2024-01-11,PREMIUM
521,Mason Moore,kchristian@example.org,2023-01-03,REGULAR
522,Erica Rivera,brent38@example.net,2024-10-09,REGULAR
523,Robert Miller,csolis@example.org,2025-03-24,VIP
524,Jillian Wilson,bmcgee@example.org,2025-03-28,REGULAR
525,Andrew Dunn,connersylvia@example.net,2025-02-27,REGULAR
526,Jordan Clark,xclements@example.org,2024-12-31,REGULAR
527,Sarah Rivera,xmoran@example.net,2024-08-02,REGULAR
528,Brent Hopkins,petersonmariaexample.com,2024-06-19,REGULAR
529,Jacqueline Rodriguez,travisunderwood@example.net,2023-06-11,PREMIUM
530,Ashley Carr,davidphelps@example.org,2024-05-31,REGULAR
531,Richard Love,shermanbrandon@example.net,2024-06-09,PREMIUM
532,Leah Barton,lellis@example.net,2025-11-29,REGULAR
533,Jonathan Moreno,tranryan@example.net,2025-09-08,REGULAR
534,Mr. Thomas Thompson,jessicaanderson@example.com,2024-12-11,REGULAR
535,Lisa Morris,mbarnes@example.net,2023-11-06,PREMIUM
536,Denise Stuart,shawn22@example.com,2024-04-26,REGULAR
537,Stacey Hunt,jennifer83@example.org,2025-04-23,REGULAR
538,Miguel Parks,tinasantos@example.org,2025-10-01,REGULAR
539,Melissa Morris,hodgesanna@example.net,2023-03-16,PREMIUM
540,Mary Butler,natalie60@example.net,2023-07-13,PREMIUM
541,James Brown,gonzalezkaren@example.org,2024-09-13,PREMIUM
542,Miss Brianna Brown,james80@example.com,2024-08-23,REGULAR
543,Ashley Parrish,juliahoffman@example.org,2025-02-11,REGULAR
544,Rebecca Horton,housepaul@example.net,2024-02-19,PREMIUM
545,Juan Smith,james73@example.net,2023-05-03,REGULAR
546,Maria Fischer,kimberlybrandt@example.com,2023-10-08,REGULAR
547,William Jones,jillwilson@example.org,2023-05-05,REGULAR
548,Justin Anderson,adam72@example.org,2024-11-23,REGULAR
549,Frank Williams,tracy98@example.com,2024-11-20,REGULAR
550,Michael Fox,abigailhartman@example.org,2024-07-01,REGULAR
551,Joshua Davis,nicolealvarado@example.com,2025-09-20,VIP
552,Daniel Goodwin,wbarajas@example.net,2023-04-27,PREMIUM
553,Michael Griffin,susanfleming@example.com,2025-03-08,PREMIUM
554,Robert Wilson,amber40@example.net,2023-02-18,REGULAR
555,Jaime Lang,stucker@example.net,2024-11-11,REGULAR
556,Jose Vaughan,teresaayala@example.net,2025-09-29,REGULAR
557,Austin Santiago,michellecoleman@example.org,2025-05-31,REGULAR
558,Ronald Johns,elucas@example.net,2024-11-29,VIP
559,Allison Love,millerbrian@example.com,2023-04-30,REGULAR
560,Laura Perez,rickey76@example.com,2024-09-10,REGULAR
561,James Wilson,maychristine@example.net,2023-06-26,REGULAR
562,Mercedes Jones,robertsgina@example.net,2025-03-15,REGULAR
563,Preston Kim,bshort@example.com,2024-02-11,PREMIUM
564,Daniel Francis,susan24@example.net,2023-11-30,VIP
565,Traci Camacho,susan08@example.net,2025-02-02,REGULAR
566,Andrew Armstrong,fmedina@example.com,2023-04-26,REGULAR
567,Patrick Swanson,robertbrewer@example.net,2024-11-22,VIP
568,Clinton Jensen,james29@example.org,2024-05-11,PREMIUM
569,Tara Gamble,enewman@example.com,2025-05-04,REGULAR
570,Danielle Gonzalez,wlynn@example.org,2023-09-02,PREMIUM
571,Cynthia Mitchell,mcculloughlouis@example.com,2025-09-17,REGULAR
572,Matthew Steele,arianadiaz@example.com,2023-12-15,REGULAR
573,Caroline Edwards,jenniferdavidson@example.com,2023-08-04,REGULAR
574,Brandy Quinn,wford@example.com,2024-07-14,REGULAR
575,Mr. Matthew Miller,michele28@example.org,2025-05-06,REGULAR
576,Stephen Jones,mcclainmelissa@example.net,2023-04-13,REGULAR
577,Kevin Sullivan,rebeccaarnold@example.net,2025-01-13,REGULAR
578,Kimberly Valdez,michaelwalker@example.net,2025-06-12,REGULAR
579,Donna Marshall,sanderswayne@example.net,2025-09-24,REGULAR
580,Victor Holden,katherinetaylor@example.org,2025-03-14,REGULAR
581,Travis Hopkins,jillwebb@example.com,2025-05-06,REGULAR
582,Philip Hall,mike03@example.net,2023-07-20,REGULAR
583,Heather Harrison,ckeith@example.net,2023-03-28,PREMIUM
584,Michael Boyd,mary49@example.net,2024-04-17,REGULAR
585,Jamie Gray,blacknicholas@example.org,2023-12-17,REGULAR
586,Heather Parrish,msparks@example.org,2024-03-17,PREMIUM
587,Brenda Martin,robertsonjuan@example.org,2025-09-13,VIP
588,Jack Love,guerrerorobert@example.com,2025-08-28,REGULAR
589,Karen Mendoza,brittanyholland@example.com,2025-02-19,REGULAR
590,Andrew Berry,dennishunt@example.net,2025-06-21,REGULAR
591,Christopher Nielsen,kgreene@example.net,2025-07-29,REGULAR
592,Nathan Stanley,stacey37@example.net,2023-03-05,PREMIUM
593,Sharon Jackson DVM,laurahoover@example.org,2023-03-12,VIP
594,Kayla Jackson,sandra99@example.org,2024-02-16,PREMIUM
595,James Rodriguez,alexandrablankenship@example.net,2024-10-09,REGULAR
596,Chase Davis,mvalenzuela@example.org,2025-09-01,REGULAR
597,Kim Goodwin,olsondavid@example.net,2024-04-14,REGULAR
598,April Pace,xboyd@example.org,2025-11-30,REGULAR
599,Jessica Mays,yclarke@example.com,2023-04-04,REGULAR
600,Natalie Juarez,colemanjonathan@example.org,2024-12-22,REGULAR
